{
    "keep": {
        "days": true,
        "amount": 14
    },
    "auditLog": "C:\\work\\Online-Doctor-Appointment\\api\\logs\\winston\\successes\\.ab01b32e93124b0423d6dcf3212e17325e2f7fe0-audit.json",
    "files": [
        {
            "date": 1689173567766,
            "name": "C:\\work\\Online-Doctor-Appointment\\api\\logs\\winston\\successes\\phu-2023-12-07-20-success.log",
            "hash": "eeaa370abdd1282183c41bc7ec427cb5af2d452ada64221463cc1ba06e199b68"
        }
    ],
    "hashType": "sha256"
}